Pollutant,Raw_Mean,Filled_Mean
PM2.5,188.23015620659646,188.23015620659646
SO2,196.42225946498002,196.42225946498002
NOx,197.6049906727254,197.6049906727254
